{"generation 1": [[94.0, -1.51728093886162], [90.0, -1.491005166506718], [91.0, -1.4923443550522888], [105.0, -1.5494185588054146], [95.0, -1.5374166780597005], [93.0, -1.5073981891978998]], "generation 2": [[90.0, -1.491005166506718], [91.0, -1.4923443550522888], [105.0, -1.5494185588054146], [95.0, -1.5374166780597005], [93.0, -1.5073981891978998], [94.0, -1.5371424537809457]], "generation 3": [[105.0, -1.5494185588054146], [95.0, -1.5374166780597005], [94.0, -1.5371424537809457], [104.0, -1.5380710342078476], [112.0, -1.551706990299505], [90.0, -1.5321541583656997], [88.0, -1.5120037545506682]], "generation 4": [[95.0, -1.5374166780597005], [94.0, -1.5371424537809457], [90.0, -1.5321541583656997], [88.0, -1.5120037545506682], [110.0, -1.558572763939251], [125.0, -1.5674811744769124], [124.0, -1.5620030157308507], [103.0, -1.5529074448919828], [101.0, -1.547401914009038]], "generation 5": [[88.0, -1.5120037545506682], [103.0, -1.5529074448919828], [125.0, -1.567500793159575], [100.0, -1.548913353077931], [89.0, -1.5448091950526601], [87.0, -1.508169727256357], [105.0, -1.5656683362552895]], "generation 6": [[89.0, -1.5448091950526601], [105.0, -1.5656683362552895], [93.0, -1.5634415095774594], [87.0, -1.5132355532728514], [107.0, -1.5746860570444303], [88.0, -1.5379572255088019]], "generation 7": [[89.0, -1.5448091950526601], [93.0, -1.5634415095774594], [87.0, -1.5132355532728514], [88.0, -1.5379572255088019], [101.0, -1.5863941143432885], [94.0, -1.5639855744990756], [92.0, -1.5499788373782575], [97.0, -1.564012846424801], [98.0, -1.5737906977716623]], "generation 8": [[98.0, -1.5974587312385737], [93.0, -1.5759776709725954], [86.0, -1.5277745542857466], [87.0, -1.555442652451662], [94.0, -1.5814752093968887], [91.0, -1.5617258980063198]], "generation 9": [[86.0, -1.5277745542857466], [87.0, -1.555442652451662], [94.0, -1.6016802860471864], [98.0, -1.6137191043355523], [93.0, -1.599961674915915], [88.0, -1.5807839499730914], [91.0, -1.5863688254770785]], "generation 10": [[98.0, -1.6137191043355523], [85.0, -1.6101055280222059], [83.0, -1.5849060676711646]], "generation 11": [[83.0, -1.5849060676711646], [84.0, -1.595584858460059], [79.0, -1.5691457237376778], [91.0, -1.6201788443975937], [85.0, -1.6101131253421006], [105.0, -1.6211897546569765], [87.0, -1.6128028450307916], [106.0, -1.6213123767558557]], "generation 12": [[79.0, -1.5691457237376778], [86.0, -1.6385844698175054], [80.0, -1.587145880629738], [76.0, -1.5675751462053071], [83.0, -1.5910646661113703], [84.0, -1.6196855365031673]], "generation 13": [[76.0, -1.627095304847089], [75.0, -1.5989722119075653], [98.0, -1.6419935460006851], [81.0, -1.6415637839869064]], "generation 14": [[76.0, -1.627095304847089], [75.0, -1.5989722119075653], [81.0, -1.6415637839869064], [82.0, -1.6492865310647764], [87.0, -1.6590338113438379]], "generation 15": [[76.0, -1.627095304847089], [75.0, -1.5989722119075653], [81.0, -1.6415637839869064], [82.0, -1.6492865310647764], [83.0, -1.6728888776862993], [77.0, -1.6285040955170202]]}