{"generation 1": [[256.0, 1.5051935864418633]], "generation 2": [[256.0, 1.5051935864418633]]}