{"generation 1": [[138.0, -1.686994594427886], [86.0, -1.6287657810992375], [99.0, -1.6798976539115038], [90.0, -1.660397983674991]], "generation 2": [[138.0, -1.686994594427886], [86.0, -1.6287657810992375], [99.0, -1.6798976539115038], [90.0, -1.660397983674991]], "generation 3": [[138.0, -1.686994594427886], [86.0, -1.6287657810992375], [99.0, -1.6798976539115038], [90.0, -1.660397983674991], [127.0, -1.6802791434453455], [93.0, -1.6609987556187795]], "generation 4": [[86.0, -1.6287657810992375], [99.0, -1.6798976539115038], [90.0, -1.660397983674991], [93.0, -1.6609987556187795], [111.0, -1.6924051398661335], [128.0, -1.6952520566165197], [110.0, -1.6904599676919931], [96.0, -1.6745302898796928]], "generation 5": [[86.0, -1.6287657810992375], [111.0, -1.6924051398661335], [128.0, -1.6952520566165197], [110.0, -1.6904599676919931], [90.0, -1.682013478381318], [129.0, -1.7038577431105026], [108.0, -1.6901363458843166]], "generation 6": [[86.0, -1.6287657810992375], [90.0, -1.682013478381318], [126.0, -1.7101336589813745], [113.0, -1.7045719539914725], [119.0, -1.706907343337844], [94.0, -1.68216050505135], [97.0, -1.6860776490816272], [102.0, -1.6942949858362275], [131.0, -1.7111047782527493]], "generation 7": [[86.0, -1.6287657810992375], [104.0, -1.7136852875749307], [97.0, -1.689752939137973], [90.0, -1.6889032937680442], [129.0, -1.7144340399416458], [99.0, -1.69772880194456], [95.0, -1.6894630705987304]], "generation 8": [[86.0, -1.6287657810992375], [90.0, -1.6889032937680442], [109.0, -1.7185649509981777], [99.0, -1.7053685784015105], [123.0, -1.7217615464769906], [102.0, -1.7154366268553605], [93.0, -1.6969632478483387]], "generation 9": [[86.0, -1.6287657810992375], [90.0, -1.6889032937680442], [122.0, -1.727326812910951], [95.0, -1.7201351702474859], [92.0, -1.7064730838472848], [110.0, -1.725294280117912]], "generation 10": [[95.0, -1.7201351702474859], [92.0, -1.7064730838472848], [81.0, -1.6600789276860182], [88.0, -1.690614829809783], [106.0, -1.7323535142366573], [104.0, -1.7243849639296616]], "generation 11": [[95.0, -1.7201351702474859], [81.0, -1.6600789276860182], [88.0, -1.690614829809783], [116.0, -1.7353803554029068], [102.0, -1.7341245730618984], [89.0, -1.7073489242285185], [99.0, -1.7295372795663053], [96.0, -1.7275799618931686], [87.0, -1.6756405093833648], [90.0, -1.7111802359664015], [98.0, -1.7279025521561941]], "generation 12": [[81.0, -1.6600789276860182], [99.0, -1.7295372795663053], [96.0, -1.7275799618931686], [98.0, -1.7279025521561941], [86.0, -1.6848956412843412], [103.0, -1.7412371226558423], [87.0, -1.7217995242749138], [100.0, -1.7318805734325626], [92.0, -1.727188733194454], [112.0, -1.7453952261373562], [101.0, -1.7368359773889448]], "generation 13": [[81.0, -1.6600789276860182], [84.0, -1.678170897943247], [96.0, -1.7468747130018047], [92.0, -1.7314473424657113], [94.0, -1.7348949521281574], [85.0, -1.7242912061937947]], "generation 14": [[81.0, -1.6600789276860182], [84.0, -1.678170897943247], [85.0, -1.7242912061937947], [83.0, -1.661573861777533], [92.0, -1.7423032903528086], [93.0, -1.7523465953792223], [100.0, -1.756373305285512], [86.0, -1.7410459307266841]], "generation 15": [[99.0, -1.7607479976615492], [78.0, -1.6520529053745092], [82.0, -1.7459029533234365], [95.0, -1.758794094036117], [89.0, -1.7559547391224468], [81.0, -1.7045703029521606]]}