{"generation 1": [[105.0, -1.5360152867061847], [136.0, -1.544713362983771], [101.0, -1.530024915897463], [85.0, -1.5190287508165656]], "generation 2": [[105.0, -1.5360152867061847], [136.0, -1.544713362983771], [101.0, -1.530024915897463], [85.0, -1.5190287508165656]], "generation 3": [[105.0, -1.5360152867061847], [136.0, -1.544713362983771], [101.0, -1.530024915897463], [85.0, -1.5190287508165656]], "generation 4": [[105.0, -1.5360152867061847], [136.0, -1.544713362983771], [101.0, -1.530024915897463], [85.0, -1.5190287508165656]], "generation 5": [[105.0, -1.5360152867061847], [136.0, -1.544713362983771], [101.0, -1.530024915897463], [85.0, -1.5190287508165656]], "generation 6": [[105.0, -1.5360152867061847], [136.0, -1.544713362983771], [101.0, -1.530024915897463], [85.0, -1.5190287508165656], [100.0, -1.5290392517172935], [165.0, -1.5474273008211548], [154.0, -1.5460883097346194]], "generation 7": [[105.0, -1.5360152867061847], [136.0, -1.544713362983771], [85.0, -1.5190287508165656], [100.0, -1.5290392517172935], [165.0, -1.5474273008211548], [154.0, -1.5460883097346194], [176.0, -1.5500136587919646], [101.0, -1.5323213912658624]], "generation 8": [[136.0, -1.544713362983771], [85.0, -1.5190287508165656], [100.0, -1.5290392517172935], [176.0, -1.5500136587919646], [101.0, -1.5323213912658624], [104.0, -1.5386709622793011], [147.0, -1.5474541882560833], [145.0, -1.5447232949151917]], "generation 9": [[85.0, -1.5190287508165656], [100.0, -1.5290392517172935], [101.0, -1.5323213912658624], [104.0, -1.5386709622793011], [134.0, -1.546651751591739], [147.0, -1.5545678997484091]], "generation 10": [[85.0, -1.5190287508165656], [100.0, -1.5290392517172935], [101.0, -1.5323213912658624], [104.0, -1.5386709622793011], [134.0, -1.546651751591739], [147.0, -1.5545678997484091], [127.0, -1.5444703540046143], [146.0, -1.5481839012883192]], "generation 11": [[85.0, -1.5190287508165656], [100.0, -1.5290392517172935], [101.0, -1.5323213912658624], [104.0, -1.5386709622793011], [147.0, -1.5545678997484091], [127.0, -1.5503576734174829]], "generation 12": [[85.0, -1.5190287508165656], [101.0, -1.5323213912658624], [104.0, -1.5386709622793011], [147.0, -1.5545678997484091], [127.0, -1.5503576734174829], [126.0, -1.545968938942062], [99.0, -1.531321832798792]], "generation 13": [[101.0, -1.5323213912658624], [104.0, -1.5386709622793011], [147.0, -1.5545678997484091], [127.0, -1.5503576734174829], [126.0, -1.545968938942062], [99.0, -1.531321832798792], [84.0, -1.5203179522767498], [105.0, -1.539285976819737]], "generation 14": [[101.0, -1.5323213912658624], [104.0, -1.5386709622793011], [147.0, -1.5545678997484091], [127.0, -1.5503576734174829], [126.0, -1.545968938942062], [99.0, -1.531321832798792], [84.0, -1.5203179522767498], [105.0, -1.539285976819737], [138.0, -1.5513805019001712], [98.0, -1.5294102881956029], [135.0, -1.551218076880272]], "generation 15": [[104.0, -1.5386709622793011], [127.0, -1.5503576734174829], [126.0, -1.545968938942062], [99.0, -1.531321832798792], [84.0, -1.5203179522767498], [105.0, -1.539285976819737], [98.0, -1.5294102881956029], [100.0, -1.5337896212593396], [89.0, -1.5223955924504233], [129.0, -1.5596666397230388]]}